High,Low
7862.52002,7685.680176
7887.740234,7730.27002
7804.240234,7694.72998
7710.430176,7615.939941
7565.790039,7479.180176
7642.689941,7537.560059
7554.700195,7382.330078
7270.899902,7155.160156
7471.029785,7330.439941
7599.810059,7433.060059
7589.77002,7414.399902
7454.279785,7234.959961
7288.140137,7088.470215
7320.649902,7104.629883
7532.870117,7336.02002
7328.290039,7167.069824
7241.02002,7028.490234
7345.02002,7198.25
7571.450195,7300.870117
7754.75,7630.200195
7967.029785,7723.939941
8054.350098,7895.279785
8034.089844,7902.490234
8229.129883,7922.549805
8504.410156,8297.269531
8553.009766,8392.55957
8640.280273,8383.990234
8843.179688,8626.969727
8651.05957,8236.080078
8383.740234,8088.450195
8351.910156,8084.620117
8741.669922,8449.870117
8992.05957,8812.360352
8765.639648,8556.75
8920.860352,8664.259766
9024.450195,8888.099609
8800.519531,8681.030273
9030,8720.620117
8953.339844,8834.629883
8933.799805,8813.719727
8802.089844,8612.759766
8802.900391,8683.269531
8860.549805,8647.799805
8852.830078,8694.919922
8840.530273,8648.509766
8808.639648,8493.769531
8844.769531,8615.450195
9385.700195,9100.110352
9464.429688,9349.570313
9503.910156,9342.75
9389.610352,9298.610352
9379.469727,9278.889648
9223.769531,9052.410156
9272.080078,9140.900391
9167.820313,8997.740234
9326.75,9166.969727
9399.400391,9311.610352
9286.349609,9189.919922
9267.820313,9126.69043
9402.759766,9245.950195
9379.780273,9231.929688
9491.129883,9411.540039
9492.660156,9353.330078
9522.5,9426.519531
9691.730469,9491.259766
9793.469727,9704.30957
9774.549805,9718.700195
9743.459961,9654.450195
9774.980469,9719.139648
9914.070313,9816.169922
9855.889648,9755.80957
9991.490234,9813.769531
10022.230469,9958.980469
10170.820313,10050.959961
10126.549805,10029.589844
9941.5,9752.879883
9845.519531,9705.730469
9778.349609,9649.830078
9822.830078,9703.870117
9887.129883,9763.370117
9712.089844,9511.450195
9624.410156,9534.240234
9871.139648,9619.019531
9893,9793.950195
9943.830078,9748.730469
10000.299805,9894.950195
10086.179688,9874
9993.769531,9869.540039
9816.070313,9691.160156
9771.759766,9650.75
9734.429688,9619.679688
9557.389648,9407.980469
9384.240234,9291.05957
9370.150391,9265.240234
9343.860352,9050.330078
9284.379883,9166.629883
9333.639648,9250.730469
9489.669922,9317.110352
9420.610352,9360.589844
9652.019531,9508.919922
9750.629883,9608.769531
9861.290039,9703.839844
9950.040039,9863.870117
10179.589844,10015.110352
10116.889648,10049.629883
10161.950195,10035.910156
10169.679688,10067.509766
10359.070313,10259.570313
10380.570313,10322
10479.19043,10358.480469
10406.099609,10252.530273
10426.139648,10266.009766
10412.089844,10249.040039
10585.370117,10487.700195
10587.360352,10512.209961
10526.349609,10434.089844
10556.280273,10489.120117
10630.379883,10539.429688
10521.019531,10268.610352
10325.05957,10181.099609
10327.169922,10195.110352
10407.299805,10204.259766
10375.219727,10142.219727
10591,10388.780273
10566.30957,10469.69043
10668.740234,10526.509766
10575.790039,10400.830078
10560.44043,10471.629883
10767,10423.900391
10577.19043,10215.599609
10290.830078,10185.379883
10256.490234,10143.259766
10326.450195,10274.379883
10393.230469,10300.5
10390.25,10249.110352
10521.139648,10382.990234
10522.230469,10407.969727
10388.320313,10170.740234
10292.469727,10183.299805
10394.55957,10247.240234
10443.799805,10340.139648
10399.419922,10292.5
10566.980469,10386.879883
10395.450195,10228.599609
10125.879883,10059.870117
10138.040039,10063.69043
10077.219727,9965.05957
9751.55957,9669.30957
9744.419922,9628.669922
9821.740234,9735.679688
9863.339844,9746.150391
10016.389648,9857.389648
10116.719727,10039.620117
10096.009766,10016.240234
10272.620117,10184.80957
10290.30957,10216.139648
10357.589844,10307.589844
10350.450195,10292.389648
10274.610352,10159.660156
10364.169922,10271.709961
10397.69043,10250.839844
10290.919922,10201.929688
10209.200195,10060.389648
9945.410156,9850.120117
10049.589844,9984.330078
9845,9767.910156
9825.820313,9691.69043
9849.719727,9767
9845.900391,9731.589844
9979.459961,9857.099609
9949.709961,9849.990234
9943.570313,9788.490234
9805.200195,9719.379883
9802.530273,9725.80957
9847.639648,9715.280273
9788.80957,9631.830078
9691.860352,9496.070313
9513.599609,9423.660156
9511,9397.790039
9453.700195,9366.330078
9457.240234,9324.990234
9257.200195,9076.410156
9353.740234,9162.179688
9572.200195,9233.200195
9643.320313,9514.150391
9977.669922,9707.019531
10022.589844,9902.830078
10204.580078,10106.30957
10149.320313,10079.80957
10048.94043,9985.969727
10035.919922,9834.219727
10107.870117,9916.209961
10126.610352,10009.599609
10111.759766,10033.900391
10222.219727,10117.120117
10260.120117,10163.799805
10157.25,10027.849609
10215.490234,10183.469727
10378.030273,10235.219727
10558.410156,10413.370117
10683.120117,10597.410156
10707.509766,10546.44043
10694.490234,10608.139648
10791.040039,10655.570313
10768.610352,10661.169922
10774,10636.669922
10816.450195,10677.55957
10905.389648,10763.679688
10866.620117,10729.860352
10909.94043,10774.25
10982.099609,10878.830078
10895.099609,10781.030273
10866.830078,10749.469727
10860.929688,10724.570313
10886.639648,10649.839844
10768.070313,10528.330078
10557.639648,10414.580078
10373.820313,10252.080078
10462.700195,10296.980469
10324.370117,10198.040039
10224.830078,10129.910156
10396.480469,10287.740234
10436.519531,10356.030273
10438.410156,10279.570313
10166.299805,10036.330078
10063.530273,9942.049805
9956.790039,9867.389648
10049.870117,9963.990234
10119.469727,10012.530273
10062.269531,10019.429688
10306.830078,10150.240234
10340.379883,10285.049805
10354.419922,10123.580078
10449.75,10298.150391
10375.549805,10280.330078
10243.200195,10129.650391
10267.429688,10087.209961
10171.219727,10085.129883
10238.959961,10150.299805
10274.089844,10186.679688
10263.480469,10134.370117
10376.410156,10254.610352
10586.969727,10514.280273
10593.269531,10542.80957
10588.69043,10547.339844
10664.950195,10588.860352
10777.490234,10699.299805
10808.839844,10708.969727
10776.519531,10716.200195
10864.299805,10761.889648
10845.730469,10731.660156
10826.759766,10775.570313
10817.780273,10766.650391
10872.450195,10808.709961
11001.589844,10889.330078
10990.75,10901.200195
11108.820313,11003.349609
11147.620117,11085.549805
11272.730469,11118.179688
11408.169922,11306.620117
11358.450195,11217.25
11350.570313,11260.419922
11232.360352,11159.450195
11204.870117,11148.799805
11351.549805,11248.570313
11212.650391,11088.480469
11316.660156,11255.799805
11230.530273,11084.719727
10953.900391,10878.990234
10999.570313,10890.820313
11093.299805,11023.879883
10989.620117,10866.230469
10967.120117,10865.919922
11165.790039,11035.660156
11213.450195,11108.719727
11008.879883,10882.400391
11092.519531,11035.269531
10847.900391,10682.610352
10472.769531,10257.320313
10540.519531,10362.339844
10643.280273,10392.469727
10501.719727,10345.19043
10638.230469,10535.94043
10551.69043,10390.769531
10331.870117,10158.299805
10336.530273,10197.740234
10186.839844,10041.929688
10161.700195,9999.589844
9829.360352,9696.629883
9793.459961,9693.070313
9642.599609,9432.089844
9622.400391,9477.450195
9642.160156,9395.290039
9824.849609,9699.139648
9831.730469,9728.419922
9747.259766,9658.44043
9763.410156,9560.160156
9920.179688,9758.820313
9962.419922,9868.089844
9714.419922,9502.620117
9587.650391,9434.80957
9487.910156,9378.230469
9544.040039,9437.469727
9764.730469,9673.599609
9882.049805,9819.950195
9911.730469,9826.44043
10109.860352,10033.240234
10053.450195,9989.209961
10029.110352,9965.160156
10251.900391,10109.269531
10183.889648,10105.480469
9975.009766,9912.799805
10009.370117,9893.75
9794.980469,9697.870117
9762.230469,9679.169922
9760.019531,9548.980469
9420.139648,9347.070313
9297.450195,9147.679688
9259.139648,9160.469727
9282.900391,9213.790039
9351.110352,9091.700195
9329.639648,9223.799805
9545.990234,9456.19043
9610.589844,9516.969727
9632.889648,9533.55957
9629.980469,9502.240234
9807.360352,9693.330078
9726.94043,9667
9636.839844,9392.209961
9404.070313,9230.839844
9254.19043,9176.120117
9474.110352,9367.299805
9561.820313,9493.610352
9541.589844,9487.650391
9760.30957,9614.469727
9732.759766,9648.969727
9658.610352,9505.639648
9676.410156,9548.860352
9750.879883,9632.860352
9613.129883,9474.669922
9688.870117,9578.30957
9658.040039,9545.410156
9572.830078,9523.629883
9667.040039,9505.339844
9445.040039,9283.599609
9212.589844,9065.94043
9278.459961,9163.25
9210.969727,9095.94043
9188.480469,9084.240234
9280.589844,9153.419922
9362.679688,9242.839844
9287.5,9169.169922
9171.419922,9090.959961
9069.219727,8983.519531
8949.410156,8807.410156
8910.620117,8834.089844
9021.75,8810.459961
9280.700195,9117.870117
9008.360352,8819.259766
8932.150391,8796.450195
9083.370117,8958.80957
9141.089844,9050.830078
9303,9173.379883
9311.019531,9206.80957
9105.889648,8997.629883
9136.259766,9069.929688
9390.900391,9317.299805
9330.049805,9258.179688
9620.900391,9199.080078
9643.280273,9554.360352
9704.25,9579.830078
9625.410156,9546.820313
9601.769531,9415.959961
9613.469727,9539.120117
9553.910156,9471.349609
9600.929688,9502.339844
9566.839844,9369.349609
9470.360352,9358.620117
9508.360352,9358.820313
9538.349609,9332.19043
9693.740234,9567
9716.919922,9649.169922
9675.589844,9588.879883
9650.200195,9387.730469
9510.19043,9393.519531
9614.44043,9481.509766
9553.570313,9478.639648
9564.849609,9471.480469
9575.139648,9489.679688
9402.049805,9316.969727
9479.25,9326.780273
9457.620117,9390.139648
9460.700195,9392.679688
9455.040039,9362.129883
9453.790039,9329.860352
9413.679688,9350.44043
9337.919922,9179.150391
9258.320313,9134.469727
9172.030273,9123.620117
9377.759766,9276.709961
9737.009766,9677.870117
9726.599609,9659.860352
9842.900391,9747.030273
9885.370117,9834.820313
9851.419922,9724.80957
9830.589844,9744.990234
9908.299805,9774.120117
10013.629883,9798.55957
10130.230469,10019.080078
10157.969727,10091.990234
10064.30957,9904.919922
10123.269531,10038.790039
10134.639648,10039.55957
10149.94043,10044.009766
10101.419922,9937.040039
9988.049805,9918.549805
10187.589844,10143.080078
10254,10154.990234
10179.820313,10143.580078
10167.099609,10094.410156
10258.900391,10184.320313
10298.25,10240.110352
10373.700195,10194.269531
10293.889648,10199.730469
10319.240234,10267.219727
10340.69043,10282.849609
10347.389648,10282.540039
10301.150391,10182.740234
10372.509766,10266.290039
10394.219727,10327.599609
10290.889648,10264.05957
10376.910156,10292.839844
10340.839844,10292.629883
10344.540039,10276.610352
10315.469727,10209.929688
10409.169922,10321.280273
10413.450195,10358.009766
10530.110352,10477.519531
10550.709961,10503.019531
10538.389648,10476.290039
10576.509766,10502.959961
10620.570313,10565.280273
10579.969727,10497.259766
10562.389648,10482.69043
10548.209961,10456.709961
10580.679688,10534.019531
10505.629883,10421.830078
10461.070313,10257.990234
10347.94043,10278.80957
10480.240234,10355.799805
10496.400391,10421.75
10480.080078,10332.650391
10265.959961,10182.570313
10299.379883,10245.75
10479.75,10366.959961
10450.459961,10409.839844
10580.360352,10524.129883
10644.209961,10572.719727
10648.799805,10623.700195
10701.919922,10599.5
10631.94043,10570.620117
10725.540039,10674.44043
10760.990234,10712.490234
10842.30957,10752.610352
10891.599609,10820.480469
10862.429688,10810.120117
10859.389648,10789.410156
10761.219727,10639.780273
10666.719727,10569.929688
10542.700195,10428.379883
10532.209961,10454.459961
10628.759766,10448.830078
10754.030273,10672.910156
10593.339844,10522.400391
10768.429688,10664.370117
10626.969727,10472.509766
10565.099609,10509.230469
10662.070313,10563.820313
10549.169922,10410.099609
10378.549805,10254.429688
10049.919922,9578.650391
9441.660156,8227.629883
9168.509766,8763.950195
9093.610352,8639.55957
9275.599609,9073.25
9625.030273,9395.849609
9592.400391,9387.950195
9509.849609,9418.709961
9569.709961,9469.370117
9541.759766,9405.200195
9502.230469,9317.379883
9708.790039,9479.030273
9765.80957,9658.639648
9822.05957,9698.599609
9808.599609,9718.889648
9732.259766,9566.049805
9671.459961,9562.160156
9687.179688,9578.469727
9804.280273,9536.679688
9775.599609,9700.75
9655.830078,9516.5
9651.959961,9577.959961
9608.919922,9539.030273
9478.870117,9405.19043
9631,9519.360352
9725.120117,9643.919922
9748.400391,9657.240234
9627.429688,9536.509766
9728.030273,9630.370117
9849.740234,9712.580078
10017.469727,9936.269531
9876.099609,9782.660156
9897.879883,9776.740234
9853.129883,9755.929688
9929.040039,9842.669922
9836.709961,9716.650391
9751.450195,9552.929688
9598.330078,9552.860352
9593.129883,9502.389648
9693.599609,9590.400391
9731.120117,9600.80957
9670.919922,9600.480469
9547.860352,9437.870117
9490.349609,9406.040039
9503.769531,9415.330078
9567.459961,9489.120117
9588.700195,9493.44043
9540.019531,9448
9697.349609,9497.400391
9720.730469,9659.30957
9575.009766,9517.280273
9603.030273,9490.679688
9490.549805,9359.780273
9454.660156,9358.30957
9458.429688,9394.740234
9472.410156,9383.120117
9613.75,9493.049805
9466.509766,9391.259766
9565.650391,9438.410156
9599.900391,9520.929688
9497.589844,9411.280273
9447.44043,9318.620117
9421.379883,9346.759766
9459.660156,9378.360352
9658.620117,9525.25
9652.410156,9553.299805
9695.089844,9609.240234
9638.490234,9570.580078
9703.410156,9632.540039
9797.259766,9734.660156
9849.69043,9785.889648
9900.570313,9849.639648
10005.75,9940.469727
9995.169922,9948.379883
10082.480469,9967.870117
10102.19043,10029.330078
10207.910156,10126.469727
10109.299805,10057.769531
9971.139648,9907.80957
9979.669922,9887.330078
9998.490234,9884
9985.320313,9919.099609
9945.719727,9889.719727
10042.75,9986.330078
10026.179688,9974
10149.179688,10076.530273
10091.019531,10039.099609
10130.25,10043.990234
10053.5,10009.370117
9945.980469,9853.849609
9914.219727,9824.339844
10040.129883,9906.169922
9873.459961,9822.299805
9705.019531,9610.379883
9768.400391,9615.349609
9469.160156,9264.089844
9215.089844,9057.290039
8949.969727,8656.790039
9144.330078,9021.360352
8983.330078,8832.419922
9070.269531,8926.889648
9150.30957,9072.530273
9081.799805,9003.700195
9043.179688,8931.25
8796.419922,8707.469727
8756.099609,8619.209961
8747.410156,8630.490234
8825.269531,8620.889648
8849.94043,8741.740234
8805.099609,8742.459961
8926.269531,8751.290039
8992.860352,8935.849609
9014.269531,8914.650391
8842.55957,8757.179688
8709.919922,8588.339844
8773.259766,8702.780273
8876.490234,8757.580078
8803.75,8726.25
8584.049805,8520.969727
8635.879883,8549.05957
8671.240234,8499.339844
8695.950195,8634.019531
8864.160156,8774.160156
8771.719727,8704.230469
8771.620117,8707.160156
8643.019531,8545.459961
8556.660156,8359.700195
8609.950195,8479.049805
8665.540039,8595.849609
8706.139648,8501.419922
8756,8653.620117
8577.519531,8455.669922
8470.759766,8359.240234
8501.030273,8343.009766
8663.570313,8589.360352
8806.44043,8725.620117
8763.019531,8689.379883
8854.160156,8808.730469
8787.889648,8733.709961
8911.700195,8856.580078
8773.990234,8727.389648
8831.549805,8745.360352
8733.599609,8672.209961
8700.490234,8652.259766
8844.280273,8762.019531
8870.370117,8755.379883
9086.429688,9003.089844
9152.389648,8988.389648
8946,8831.69043
8719.919922,8640.419922
8814.709961,8729.080078
8772.040039,8644
8762.980469,8678.780273
8566.490234,8485.769531
8655.30957,8595.429688
8584.299805,8527.629883
8567.639648,8459.299805
8491.820313,8400.219727
8398.799805,8359.599609
8375.599609,8343.929688
8350.349609,8261.009766
8212.950195,8157.390137
8199.669922,8135.790039
8322.009766,8259.709961
8477.820313,8351.379883
8435.339844,8361.69043
8653.879883,8577.089844
8643.75,8591.929688
8704.480469,8668.040039
8729.80957,8614.209961
8688.80957,8625.19043
8576.679688,8503.030273
8682.469727,8633.349609
8594.320313,8518.799805
8540.570313,8486.370117
8455.320313,8374.25
8433.179688,8390.980469
8364.929688,8272.259766
8354.900391,8317.730469
8471.110352,8440.889648
8436.589844,8383.959961
8516.530273,8477.370117
8458.259766,8428.530273
8456.660156,8414.900391
8404.889648,8330.870117
8455.349609,8415.55957
8581.450195,8547.700195
8519.160156,8481.830078
8488.980469,8349.330078
8450.589844,8405.179688
8463.719727,8426.030273
8426.830078,8360.330078
8509.759766,8458.679688
8409.790039,8352.230469
8475.660156,8413.219727
8595.780273,8446.089844
8668.94043,8596.679688
8791.389648,8725.320313
8795.269531,8744.540039
8825.089844,8768.509766
8911.620117,8816.089844
8886.019531,8810.889648
8832.480469,8774.230469
8836.679688,8776.650391
8830.280273,8780.099609
8893.219727,8849.25
8877.570313,8825.980469
8949.320313,8916.94043
8928.44043,8887.19043
9015.589844,8956.780273
9018.490234,8942.870117
9016.969727,8947.169922
9023.5,8948.540039
9072.080078,8972.740234
9314.370117,9107.679688
9308.929688,9214.230469
9435.030273,9369.25
9517.040039,9440.410156
9564.049805,9442.580078
9609.839844,9513.650391
9647.379883,9576.209961
9736.110352,9628.25
9722.519531,9528.769531
9866.410156,9706.219727
9865.75,9666.019531
9803.75,9729.240234
9792.139648,9673.75
9732.889648,9602.839844
9603.19043,9509.099609
10007.620117,9853.179688
10021.509766,9889.860352
10011.879883,9888.299805
10115.790039,10050.519531
10158.740234,10077.549805
10148.469727,10090.089844
10172.639648,10134.480469
10132.019531,10073.900391
10136.849609,10052.5
10031.959961,9999.370117
10056.200195,10016.049805
10255.150391,10152.25
10197.799805,10124.280273
10147.040039,10084.769531
10111.089844,10033.19043
10190.349609,10109.870117
10084.070313,10040.990234
10059.19043,9819.990234
9618.099609,9535.330078
9648.120117,9509.719727
9487.839844,9388.139648
9541.040039,9449.490234
9690.290039,9603.969727
9532.910156,9464.490234
9519.799805,9455.320313
9682.879883,9594.299805
9617.929688,9565.830078
9580.870117,9532.679688
9643.269531,9520.980469
9510.700195,9423.299805
9582.730469,9530.019531
9630.969727,9531.030273
9691.700195,9463.599609
9417.959961,9344.530273
9206.450195,9109.009766
9207.55957,9159.469727
9115.94043,9021.200195
9075.629883,8985.900391
9050.610352,8944.629883
9031.089844,8947.820313
8930.780273,8838.780273
8883.730469,8756.070313
8885.080078,8765.709961
8735.540039,8588.160156
8676.200195,8608.620117
8740.480469,8690.469727
8715.139648,8538.69043
8597.849609,8496.610352
8616.849609,8550.929688
8624.509766,8568.870117
8657.080078,8517.179688
8656.709961,8568.969727
8542.730469,8455.129883
8487.44043,8422.5
8303.349609,8238.959961
8388.139648,8306.929688
8549,8412.549805
8647.790039,8599.639648
8611.929688,8427.200195
8665.799805,8594.580078
8575.870117,8452.5
8615.889648,8554.139648
8592.169922,8520.990234
8625.19043,8552.75
8766.55957,8711.490234
8712.860352,8630.660156
8770.410156,8711.219727
8859.040039,8790.860352
8830.339844,8731.790039
8837.830078,8726.400391
8712.679688,8619.360352
8730.490234,8641.519531
8881.44043,8805.650391
9044.040039,8803.330078
9103.790039,9003.480469
9082.389648,9012.860352
9136.019531,9095.30957
9130.540039,9069.009766
9082.040039,8977.349609
8954.44043,8892.169922
8966.990234,8855.929688
8851,8797.730469
8862.799805,8709.75
8759.05957,8695.44043
8808.870117,8711.730469
8802.089844,8715.139648
8835.799805,8771.19043
8792.19043,8662.719727
8606.230469,8500.269531
8517.519531,8446.179688
8433.580078,8328.019531
8448.549805,8358.509766
8569.089844,8522.740234
8663.299805,8589.19043
8732.839844,8585.259766
8654.610352,8578.160156
8705.910156,8635.509766
8565.05957,8513.200195
8751.799805,8676.25
8812.419922,8711.900391
8962.950195,8851.589844
9004.80957,8862.169922
8954.849609,8857.230469
8906.209961,8867.629883
8970.990234,8897.870117
9094.089844,8962.969727
9181.570313,9097
9196.669922,9146.070313
9162.969727,9075.080078
9194.469727,9062.540039
9090.669922,9045.790039
9150.480469,9084.870117
9140.620117,8988.990234
9073.990234,9033.830078
9062.070313,8960.240234
8933.990234,8839.910156
8893.389648,8773.400391
8804.44043,8729.219727
8759.259766,8679.820313
8697,8646.030273
8871.650391,8804.269531
8874.540039,8838.179688
8814.030273,8769.469727
8959.959961,8821.799805
9022.200195,8932.099609
9193.269531,9081.799805
9180.44043,9120.610352
9215.570313,9079.19043
9159.330078,9103.950195
9091.969727,9031.129883
9112.540039,9023.629883
8971.75,8894.019531
8959.25,8844.05957
8989.080078,8838.849609
8829.349609,8759.070313
8806.75,8729.55957
8865.919922,8738.30957
8880.230469,8805.790039
8840.69043,8765.549805
8660.679688,8578.25
8607.419922,8514.629883
8620.179688,8516.110352
8595.110352,8488.139648
8707.950195,8633.679688
8837.19043,8758.700195
8992.360352,8877.169922
9016.900391,8940.379883
9031.549805,8867.790039
9075.580078,8970.5
9057.30957,8941.849609
8986.049805,8909.370117
8995.80957,8841.980469
8985.580078,8905.44043
8976.080078,8871.480469
9072.389648,9031.429688
9040.179688,8984.69043
8990.349609,8957.490234
9032.320313,8924.410156
8891.080078,8811.410156
8779.240234,8729.450195
8728.849609,8676.44043
8829.719727,8684.230469
9032.349609,8898.330078
9183.459961,9135.290039
9200.849609,9129.429688
9248.980469,9161.209961
9366.799805,9304.719727
9487.94043,9388.94043
9449.719727,9370.589844
9412.080078,9350.400391
9492.910156,9380.25
9525.820313,9453.480469
9457.19043,9406.030273
9515.860352,9376.969727
9565.429688,9503.30957
9572.75,9522.129883
9584.459961,9517.400391
9534.179688,9487.950195
9606.25,9565.950195
9767.049805,9672.469727
9775.75,9687.700195
9903.349609,9826.299805
9967.240234,9848.870117
10160.400391,10016.980469
10147.679688,10028.650391
10175.05957,9924.419922
10230.360352,10107.339844
10376.389648,10288.849609
10433.629883,10374.849609
10734.230469,10602.240234
10743.69043,10589.700195
10602.120117,10463.429688
10620.700195,10398.610352
10686.120117,10619.650391
10830.429688,10748.05957
10952.30957,10851.660156
10806.410156,10591.299805
10694.849609,10432.969727
10913.299805,10787.120117
10941.450195,10747.740234
10859.419922,10615.200195
10663.089844,10486.990234
10634.740234,10441.110352
10926.650391,10790.950195
11002.860352,10824.30957
10937.629883,10751.009766
11113.950195,10905.639648
11145.379883,11007.769531
11237.839844,11142.259766
11285.490234,11194.740234
11170.849609,11046.919922
11498.419922,11232.049805
11446.80957,11295.620117
11299.709961,11135.889648
11460.639648,11343.44043
11365.269531,11196.660156
11356.540039,11243.490234
11261.580078,11065.05957
11445.459961,11308.830078
11412.860352,11336.450195
11510.519531,11440.099609
11442.110352,11301.769531
11390.650391,11175.669922
11662.519531,11562.099609
11520.240234,11374.830078
11419.620117,11253.969727
11563.75,11392.55957
11648.629883,11464.709961
11767.679688,11613.589844
11779.419922,11666.379883
11933.820313,11803.089844
12069.599609,11946.009766
12283.620117,12065.089844
12403.950195,12300.830078
12461.969727,12314.80957
12339.450195,12234.480469
12395.730469,12248.650391
12560.950195,12434.469727
12373.169922,12220.629883
12491.160156,12401.120117
12650.259766,12586.05957
12522.049805,12338.530273
12594.360352,12480.419922
12540.120117,12456.040039
12462.860352,12286.370117
12384.830078,12133
12107.400391,11805.780273
12362.200195,12102.049805
12634.540039,12075.969727
13225.620117,12831.099609
13225.219727,13080.290039
13331.389648,13151.730469
13325.150391,13177.30957
13549.160156,13384.110352
13568.25,13402.860352
13408.290039,13257.860352
13312.230469,13004.459961
13397.5,13318.69043
13377.740234,13200.849609
13611.580078,13529.44043
13585.349609,13505.530273
13974.259766,13827.959961
13983.870117,13852.200195
13897.05957,13778.75
13780.480469,13637.959961
14196.379883,13951.80957
14421.379883,14186.830078
14409.820313,14191.480469
14636.80957,14426.740234
14849.009766,14727.700195
14839.790039,14755.080078
15108.830078,14956.379883
15155.719727,14879.509766
15157.320313,14902.299805
15381.740234,15245.799805
15388.370117,15264.419922
15706.629883,15432.639648
15942.599609,14483.980469
15007.5,13981.519531
14381.280273,14027.419922
14399.780273,13943.620117
14512.280273,14243.490234
14098.160156,13555.660156
13916.55957,13681.389648
13562.870117,13261.820313
13610.25,13060.94043
13711.419922,13011.160156
13238.530273,12862.019531
13106.200195,12548.200195
13514.200195,13141.370117
13584.30957,13296.30957
13332.719727,12994.080078
13050.110352,12415.849609
12900.650391,12629.30957
13033.120117,12549.820313
13139.480469,12919.030273
13296.620117,13107.650391
13190.820313,12966.410156
13330.349609,12702.669922
13426.129883,13026.230469
13234.889648,12758.219727
13189.839844,12826.509766
13213.549805,12873.5
13724.44043,13354.700195
13862.709961,13562.700195
14098.740234,13898.540039
14164.769531,13984.080078
14093.019531,13962.299805
14309.969727,14149.5
14497.650391,14109.339844
14472.900391,14186.030273
14555.330078,14287.69043
14496.669922,14275.259766
14574.169922,14417.299805
14638.799805,14550.889648
14615.040039,14460.55957
14827.730469,14645.25
14953.290039,14413.280273
14770.019531,14514.290039
14820.179688,14549.05957
14751.870117,14630.679688
14748.769531,14533.209961
14376.009766,14114.519531
13953.849609,13661.129883
13909.450195,13613.780273
13836.030273,13644.209961
14005.769531,13645.610352
14466.160156,14146.919922
14370.980469,14225.5
14401.05957,14031.610352
14164.700195,13824.94043
14031.139648,13556.650391
13658.860352,13430.639648
13867,13689.490234
14050.160156,13747.179688
13739.519531,13532.610352
13758.129883,13589.780273
13730.089844,13383.179688
13499.990234,13250.360352
13447.330078,13238.730469
13774.660156,13575.400391
13741.490234,13586.839844
13678.790039,13517.099609
13392.570313,13188.139648
13463.139648,13364.820313
13615.980469,13335.910156
13613.480469,13407.530273
13978.44043,13748.679688
14056.879883,13843.610352
14156.5,13981.519531
14099.129883,13834.519531
14441.80957,14296.780273
14561.459961,14422.719727
14455.370117,14321.570313
14439.929688,14233.120117
14474.530273,14311.669922
14625.969727,14396.410156
14766.179688,14581.790039
14816.650391,14702.25
14767.719727,14607.269531
14737.980469,14620.530273
14799.120117,14410.519531
14817.5,14699.209961
14619.240234,14425.820313
14642.969727,14471.700195
14219.889648,14082.30957
14149.769531,13944.269531
14073.230469,13841.929688
13929.639648,13748.94043
14037.839844,13751.849609
14200.30957,14077.030273
14447.870117,14320.299805
14510.370117,14404.740234
14664.219727,14492.669922
14610.089844,14503.089844
14727.849609,14624.030273
14747.769531,14641.780273
14799.280273,14426.049805
14499.519531,14273.709961
14442.120117,14088.19043
14400.320313,14194.419922
14395.959961,14224.589844
14526.879883,14425.580078
14516.080078,14324.169922
14411.049805,14126.410156
14323.240234,14141.820313
14407.69043,14130.860352
14371.55957,14222.030273
14122.280273,14026.169922
14304.290039,14208.129883
14588.679688,14278.209961
14599.530273,14490.919922
14966.429688,14665.75
15273.610352,15106.820313
15163.05957,15020.330078
15209.669922,15069.980469
15377,15168.469727
15579.389648,15307.44043
15619.129883,15469.870117
15577.969727,15460.969727
15512.759766,15414.519531
15729.089844,15605.730469
15727.959961,15507.169922
15703.019531,15579.540039
15794.150391,15661.900391
15579.360352,15326.05957
15430.200195,15139.120117
15327.370117,15112.540039
15650.209961,15547.290039
15633.969727,15562.05957
15562.299805,15386.110352
15392.660156,15255.360352
15532.94043,15251.450195
15408.349609,15146.129883
15322.129883,15248.419922
15588.419922,15268.179688
15891.820313,15798.849609
15870.419922,15755.360352
16029.650391,15849
16186.040039,16082.280273
16232.69043,16056.730469
16320.219727,16182.709961
16164.009766,15864.44043
15935.370117,15784.25
16121.450195,15906.570313
16004.55957,15838.44043
15922.139648,15754.700195
15912.05957,15383.69043
15808.730469,15636.570313
15941.080078,15710.139648
15783.370117,15621.799805
15727.259766,15574.230469
15894.679688,15705.839844
15870.530273,15631.410156
15958.580078,15690.450195
15485.019531,15288.320313
15109.679688,14933.549805
15088.120117,14952.830078
15383.910156,15159.919922
15112.700195,14853.830078
15143.879883,14764.570313
14846.929688,14615.049805
14355.919922,14008.469727
14245.05957,13995.860352
14308.070313,14155.120117
14471.950195,14356.589844
14725.919922,14568.299805
14874.790039,14769.040039
14787.620117,14488.320313
14678.709961,14243.169922
14427.950195,14214.599609
14900.240234,14469.490234
14805.660156,14679.19043
14731.480469,14428.730469
14888.80957,14618.610352
14982.530273,14658.139648
15094.540039,14957.490234
15084.530273,14896.490234
14943.650391,14735.519531
14684.700195,14443.099609
14750.089844,14546.339844
14992.19043,14897.629883
15203.120117,14871.55957
15312.599609,15145.589844
15266.120117,15088.110352
15256.030273,15124.360352
15020.139648,14828.179688
14919.839844,14790.480469
14539.599609,14280.75
14533.25,14399.719727
14663.540039,14302.370117
14548.759766,14207.830078
14514.280273,14287.280273
14531.790039,14312.080078
14569.900391,14401.419922
14659.849609,14227.80957
14713.450195,14520.570313
14843.669922,14718.009766
14870.509766,14751.290039
15069.610352,14893.169922
15164.389648,14976.360352
15098.379883,15000.69043
14895.580078,14764.370117
14502.019531,14279.339844
14513.139648,14234.450195
14065.969727,13885.110352
14096.860352,13969.169922
14420.299805,14125.589844
14500.660156,14351.849609
14649.5,14503.169922
14604.299805,14388.769531
14546.269531,14459.290039
14563.25,14367.129883
14554.320313,14327.599609
14324.030273,14224.469727
14421.219727,14275.69043
14473.75,14405.769531
14457.509766,14033.450195
14254.44043,14108.160156
14266.290039,14091.200195
14234.490234,14130.299805
14464.009766,14359.740234
14419.650391,14349.870117
14306.360352,14190.269531
14108.44043,14016.490234
14150.5,13991.799805
14144.040039,14038.05957
14054.240234,13964.429688
14369.019531,14147.549805
14528.040039,14404.799805
14602.519531,14531.320313
14744.160156,14588.679688
14717.290039,14608.540039
14714.950195,14574.019531
14741.099609,14591.620117
14963.910156,14777.509766
15091.490234,15026.009766
15071.780273,14985.209961
15141.139648,15016.80957
15144.339844,15042.589844
15206.570313,15116.030273
15184.769531,14966.799805
15075.719727,14998.629883
14992.959961,14862.080078
15121.639648,14830.990234
15056.75,14867.150391
15026.959961,14948.540039
15139.990234,14995.450195
15375.379883,15138.280273
15422.05957,15305.429688
15442.669922,15335.879883
15424.570313,15252.269531
15347.879883,15265.709961
15345.120117,15278.219727
15293.820313,15027.30957
15177.870117,15052.339844
15389.080078,15145.870117
15444.629883,15354.910156
15435.339844,15324.320313
15490.370117,15420.070313
15477.769531,15379.44043
15389.889648,15225.110352
15302.650391,15185.320313
15326.780273,15215.429688
15204.009766,15101.490234
15324.950195,15179.490234
15441.540039,15346.089844
15423.959961,15355
15465.740234,15347.849609
15220.5,15110.450195
15392.019531,15215.709961
15376.200195,15317.370117
15383.110352,15232.139648
15457.870117,15341.69043
15556.620117,15426.980469
15666.620117,15594.889648
15759.660156,15618.849609
15602.129883,15501.150391
15535.620117,15440.209961
15507.320313,15313.839844
15271.139648,15121.429688
15243.05957,15061.990234
15074.320313,14753.839844
15161.540039,14973.709961
15235.980469,15125.929688
15235.900391,15108.530273
15338.849609,15272.900391
15365.349609,15303.389648
15476.049805,15429.110352
15492.879883,15433.719727
15601.990234,15525.780273
15628.780273,15524.429688
15628.610352,15553.509766
15613.339844,15519.419922
15588.219727,15465.990234
15487.990234,15423.900391
15478.769531,15440.990234
15737.360352,15516.5
15829.379883,15723.540039
15732.759766,15663.589844
15792.639648,15641.370117
15730.330078,15656.400391
15795.820313,15736.129883
15795.599609,15664.790039
15925.509766,15854.299805
15984.900391,15885.040039
15948.290039,15871.120117
15969.410156,15888.669922
16106.110352,16003.459961
16364.080078,16170.860352
16299.129883,16170.110352
16203.94043,16094.589844
16374.139648,16303.910156
16251.669922,16087.950195
16344.320313,16262
16252.719727,16058.719727
16225.959961,16081.009766
15913.519531,15755.570313
15643.629883,15520.80957
15732.320313,15461.089844
15345.780273,15221.830078
15300.549805,14919.709961
15084.610352,14916.650391
14807.080078,14672.549805
14830.669922,14529.030273
15111.230469,14819.69043
15115.290039,14761.839844
15195.780273,15001.429688
15424.049805,15333.709961
15374.459961,15263.360352
15595.290039,15394.790039
15701.040039,15584.830078
16533.910156,15817.139648
16995.019531,16778.279297
16938.199219,16824.080078
16818.050781,16713.369141
17160.119141,16855.300781
17443.740234,17170
17400.769531,17099.949219
17520.539063,17300.189453
17409.320313,16907.429688
17356.759766,17186.5
17472.570313,17280.759766
17407.689453,17270.699219
17381.589844,17108.199219
17490.390625,17357.509766
17432.570313,17335.990234
17346.849609,17212.480469
17471.900391,17330.839844
17649.019531,17474.269531
17687.699219,17476.419922
17881.759766,17696.359375
17912.589844,17813.009766
17922.289063,17759.359375
18030.830078,17869.740234
17892.160156,17773.300781
17658.140625,17308.820313
17289.730469,17043.630859
17526.189453,17298.189453
17258.320313,17037.210938
16895.390625,16714.830078
16891.019531,16672.939453
17274.230469,17136.410156
17621.400391,17471.599609
17692.580078,17572.619141
17875.410156,17800.419922
17843.730469,17769.009766
17914.550781,17525.660156
17713.759766,17450.769531
17713.759766,17219.220703
17111.359375,16881.730469
16974.609375,16808.259766
17243.710938,17016.089844
17342.650391,17129.529297
17087.710938,16828.269531
17036.720703,16770.560547
17141.980469,16856.220703
16864.339844,16592.570313
17039.800781,16911.580078
17366.300781,17066.769531
17329.029297,17181.550781
17355.740234,17229.210938
17532.060547,17460.759766
17768.410156,17633.470703
17850.589844,17615.929688
17778.830078,17575.099609
17808.470703,17661.099609
17628.400391,17459.449219
17654.599609,17271.869141
17743.109375,17535.039063
17619.339844,17484.669922
17700.669922,17603.070313
17799.490234,17653.609375
17673.269531,17550.029297
18005.449219,17652.679688
17962.109375,17864.550781
18074.259766,17978.900391
18202.609375,18092.320313
18322.5,18237.349609
18360.919922,18297.669922
18509.080078,18402.019531
18603.480469,18427.980469
18648.769531,18552.810547
18790.830078,18587.130859
18865.390625,18714.640625
18939.169922,18775.230469
18910.519531,18730.570313
18732.660156,18586.839844
18767.5,18655.359375
18878.150391,18733.869141
18924.380859,18577.060547
18836.929688,18583.519531
19008.130859,18774.419922
19335.800781,19042.25
19349.199219,19226.710938
19479.890625,19373.390625
19555.720703,19389.240234
19557.169922,19312.699219
19565.439453,19416.630859
19778.599609,19584.730469
19770.640625,19646.349609
19775.449219,19542.220703
19623.109375,19397.009766
19590.029297,19099.869141
19474.070313,19227.289063
19607.25,19206.990234
19195.230469,18927.949219
19424.089844,19241.289063
19667.480469,19501.310547
19845.529297,19693.630859
19957.320313,19822.490234
20006,19845.310547
19975.660156,19825.689453
19913.419922,19823.859375
19894.349609,19742.119141
19815.25,19638.369141
19725.859375,19474.230469
19909.089844,19678.220703
20144.660156,19983
20252.119141,20116.189453
20142.470703,20013.740234
20069.240234,19909.859375
20133.779297,20031.710938
19852.660156,19502.609375
19549.390625,19257.849609
19458.75,19302.710938
19679.630859,19586.810547
19626.75,19467.650391
19791.880859,19494.699219
19717.800781,19546.820313
19750.759766,19633.75
19890.269531,19741.220703
20087.699219,19946.75
20278.890625,20148.509766
20320.900391,20175.779297
20278.310547,20130.839844
20417.769531,20318.539063
20473.849609,20378.769531
20513.220703,20363.210938
20655.330078,20473.269531
20636.410156,20508.400391
20595.410156,20410.269531
20619.609375,20470.259766
20506.349609,20397.730469
20552.460938,20438.210938
20480.25,20363.179688
20544.939453,20359.060547
20332.419922,20095.480469
20264.919922,20016.320313
20382.970703,20178.039063
20437.259766,20331.189453
20401.480469,20205.099609
20368.210938,20234.160156
20323.080078,20126.570313
20200.509766,19990.550781
20194.449219,20075.910156
20433.300781,20174.140625
20809.419922,20531.130859
20952.710938,20838.220703
20866.580078,20758.599609
20785.759766,20650
20361.599609,20093.160156
20243.179688,20118.259766
20346.740234,20225.269531
20601.730469,20479.849609
20557.509766,20431.25
20310.720703,20012.230469
20428,20337.179688
20310.890625,19737.640625
19855.5,19115.199219
19978.240234,19720.150391
20120.150391,19911.390625
20435.529297,20322.199219
20496.599609,20401.089844
20612.5,20522.25
20658.949219,20611.220703
20850,20710.339844
20677.839844,20576.189453
20708.230469,20648.759766
20631.539063,20527.779297
20486.929688,20278.730469
20423.580078,20070.619141
20425.689453,20205.210938
20583.570313,20443.890625
20585.240234,20466.800781
20562.199219,20396.5
20552.039063,20448.490234
20715.480469,20469.869141
20817.480469,20664.439453
20754,20567.509766
20820.859375,20617.050781
20946.929688,20582.009766
20703.199219,20303.019531
20633.910156,20306.980469
20605.460938,20484.669922
20668.869141,20541
20663.179688,20545.25
20521.970703,20218.029297
20246.470703,20033.289063
19737.539063,19435.830078
19154.650391,18498.800781
18835.349609,17747.5
18442.839844,17714.300781
18810.050781,18486.460938
19192.820313,18901.089844
19019.609375,18749.769531
18777.470703,18165.689453
18467.439453,17857.300781
18481.570313,18176.75
18312.130859,17608.169922
18013.640625,17478.720703
17962.560547,17415.609375
18770.509766,17756.759766
18420.560547,17956.150391
18362.990234,18124.349609
18344.070313,17925.089844
18329.570313,17995.980469
18291.970703,18094.990234
18295.900391,18069.5
17865.839844,17571.830078
17886.490234,17562.599609
17366.949219,16901.490234
17460.970703,17179.400391
17831.580078,17389.570313
18079.460938,17869.740234
18372.720703,18094.849609
18379.230469,18043.080078
18400.689453,18121.679688
18438.669922,18184.960938
18359.710938,18223.800781
18126.390625,17831.529297
18170.669922,17758.119141
18397.519531,18238.779297
18314.089844,18078.429688
18253.130859,18147.980469
18605.410156,18167.640625
18915.640625,18746.609375
19088.759766,18937.449219
18964.990234,18760.789063
18925.509766,18815.119141
19080.890625,18809.480469
19202.339844,18784.689453
18861.109375,18641.220703
19151.890625,18926.910156
19167.089844,18995.960938
19294.150391,19164.859375
19684.410156,19389.740234
19674.050781,19457.050781
19601.490234,19388.910156
19451.089844,19252.039063
19726.009766,19628.839844
19840,19643.970703
19959.060547,19761.560547
19879.810547,19715.740234
19954,19834.759766
19992.439453,19926.099609
19994.050781,19831.25
19867.949219,19707.669922
20012.400391,19797.550781
20002.119141,19926.220703
19967.880859,19862.740234
19660.900391,19444.539063
19811.509766,19677.210938
19764.210938,19475.279297
19475.400391,19260.119141
19125.060547,19025.779297
19282.210938,19020.75
18911.779297,18611.089844
18897.869141,18562.509766
19054.890625,18859.109375
19507.169922,19325.150391
19869.080078,18982.25
18979.830078,18651.130859
18943.460938,18824.650391
19071.410156,18780.939453
18922.900391,18764.539063
18991.009766,18783.359375
19113.179688,19017.269531
18951.119141,18394.429688
18547.380859,18327.519531
18469.380859,18064.300781
18172.039063,17767.339844
17975.310547,17509.640625
17546.570313,17184.779297
17717.75,17414.550781
17393.830078,16944.410156
17597.869141,17057.599609
17037.259766,16665.050781
17088.310547,16812.650391
17031.320313,16387.609375
16734.580078,16017.259766
16993.960938,16332.450195
17208.240234,16922.210938
17242.269531,16947.949219
17235.439453,16942.130859
17638.929688,16767.089844
17905.369141,17666.480469
17864.699219,17684.660156
17515.679688,17080.570313
17209.560547,16941.880859
16893.119141,16627.800781
17099.009766,16552.300781
16668.699219,16025.94043
16163.030273,15429.990234
15437.219727,14865.769531
16155.099609,15243.879883
16341.55957,15809.580078
16214.459961,15632.120117
16337.589844,16118.799805
16050.459961,15799.349609
16187.400391,15816.830078
16350.379883,16001.19043
16006.450195,15753.769531
16218.290039,15953.929688
16472.5,16188.410156
16464.75,16026.759766
16099.419922,15857.370117
16815.25,16388.919922
16962.949219,16691.939453
17042.919922,16861.380859
16909.789063,16570.220703
16706.25,16494.800781
16887.599609,16713.130859
17015.300781,16575.75
17291.349609,17149.210938
17279.300781,17042.560547
17102.449219,16950.839844
17253.029297,16814.839844
16920.910156,16613.689453
17107.800781,16851.210938
17142.080078,16964.310547
17167.880859,16961.410156
17137.199219,16948.429688
17078.029297,16875.910156
17033.650391,16758.669922
16719.560547,16113.009766
16238.509766,16029.5
16066.179688,15698.549805
15828.610352,15612.910156
15871.099609,15636.209961
16027.629883,15471.799805
15778.740234,15525.490234
15963.030273,15693.610352
16405.589844,16132.230469
16526.900391,16254.200195
17099.359375,16870.730469
17381.699219,17144.529297
17572.490234,17192.390625
17613.560547,17403.869141
17426.019531,17200.5
17417.539063,17230.230469
17572.269531,16652.740234
16357.099609,15975.469727
16271.610352,15989.349609
16292.860352,16159.30957
16587.630859,16229.150391
16814.640625,16536.609375
16658.070313,16374.589844
16804.169922,16400.869141
16632.619141,16391.919922
16655.890625,16509.310547
16795.470703,16513.169922
16841.039063,16590.160156
16770.869141,16548.339844
16691.5,16417.839844
16605.039063,16471.369141
16806.029297,16731.119141
16957.560547,16743.169922
16901.089844,16792.730469
17068.019531,16910.189453
17251.359375,16988.640625
17145.949219,16908.919922
16819.849609,16525.470703
16716.140625,16554.599609
16581.300781,16322.639648
16701.009766,16536.230469
16830.919922,16581.710938
16785.830078,16587.769531
16643.359375,16496.109375
16335.379883,16019.179688
16082.5,15762.089844
15997.299805,15752.009766
15913.080078,15395.980469
15774.870117,15582.94043
16035.44043,15835.860352
16202.299805,15770.959961
16160.990234,15980.650391
16263.870117,16057.860352
16389.169922,14864.009766
15323.950195,15061.660156
15443.820313,14987.790039
15626.660156,15398.30957
15781.69043,15575.919922
15765,15635.570313
15805.30957,15553.919922
15702.040039,15602.730469
15418.900391,15241.910156
15399.700195,15106.519531
15816.669922,15375.94043
16237.620117,15956.910156
16444.25,16196.44043
16398.730469,16229.259766
16607.320313,16396.119141
16726.710938,16514.660156
16692.839844,16554.029297
16938.960938,16740
16691.810547,16566.980469
16778.650391,16612.330078
16535.810547,16323.099609
16821.429688,16526.060547
16616.279297,16450.279297
16679.189453,16174.349609
16677.490234,16319.150391
16541.880859,16391.449219
16275.339844,16056.669922
16270.120117,15921.040039
16355.980469,16230.700195
16652.039063,16455.570313
16779.589844,16630.560547
16822.859375,16657.589844
16943.669922,16818.429688
16887.570313,16596.509766
16772.109375,16596.259766
16714.609375,16481.410156
16613.039063,16452.619141
16631.230469,16540.939453
16663.640625,16452.009766
16648.070313,16544.390625
16628.789063,16520.839844
16490.529297,16320.429688
16764.640625,16616.650391
16752.160156,16677.849609
16917.859375,16836.960938
16941.179688,16864.560547
16946.490234,16848.119141
17097.589844,17022.640625
17024.259766,16903.199219
17001.839844,16836.650391
17029.779297,16902.089844
16802,16601.539063
16706.609375,16585.800781
16528.019531,16359.780273
16532.839844,16415.859375
16591.699219,16403.220703
16823.630859,16399.650391
16808.589844,16725.529297
16707.449219,16514.929688
16683.929688,16285.410156
16515.839844,16385.029297
16756.429688,16584.140625
16497.550781,16407.779297
16652.160156,16554.830078
16747.199219,16637.820313
16844.349609,16728.189453
16971.279297,16888.769531
16895.130859,16820.210938
16974.25,16739.730469
16866.560547,16727.779297
16954.439453,16821.490234
16966.900391,16844.169922
17016.660156,16938.460938
17235.5,16992.140625
17288.890625,17151.980469
17244.740234,17162.210938
17381.800781,17298.630859
17391.839844,17295.460938
17414.210938,17278.119141
17461.029297,17406.720703
17473.119141,17339.640625
17283.599609,17080.589844
16996.089844,16801.980469
17186.890625,17056.839844
17247.039063,17130.830078
17427.710938,16111.80957
17393.820313,16560.660156
17621.730469,17333.490234
17727.580078,17605.769531
17886.439453,17807.470703
17884.060547,17764.080078
18043.720703,17967.410156
18129.029297,18007.789063
18175.630859,18050.550781
18382.720703,18310.310547
18482.939453,18288.5
18374.929688,18222.820313
18327.509766,18258.820313
18370.310547,18280.660156
18746.279297,18469.269531
18469.679688,18315.380859
18365.740234,18227.390625
18484.800781,18318.990234
18502.470703,18410.880859
18765.470703,18614.009766
19042.480469,18821.410156
19280.929688,19054
19253.509766,19060.720703
19284.279297,19184.75
19436.900391,19192.599609
19439.970703,19360.359375
19399.259766,19307.140625
19511.199219,19356.810547
19592.900391,19375.189453
19427.669922,19327.509766
19432.480469,19385.939453
19478.580078,19352.060547
19442.130859,19364.730469
19301.039063,19092.220703
19176.810547,18991.589844
19594.160156,19277.929688
19615.400391,19473.279297
19472.369141,19354.439453
19484.900391,19255.349609
19402.169922,19325.460938
19300.189453,19069.019531
19299.359375,19156.929688
19255.410156,19061.269531
19043.910156,18812.859375
18941.240234,18650.330078
19122.390625,18982.130859
19176.859375,19040.199219
19024.210938,18879.679688
18915.699219,18783.160156
19133.179688,18987.449219
19486.679688,19404.130859
19390.970703,19295.800781
19199.75,19041.339844
19155.789063,18916.179688
19170.630859,18866.800781
19061.259766,18830.890625
19075.570313,18899.400391
18970.580078,18805.320313
19009.240234,18875.570313
18991.230469,18874.910156
19395.990234,19193.570313
19519.439453,19418.179688
19501.009766,19232.849609
19495.619141,19420
19431.609375,19260.240234
19275.390625,19173.529297
19274.75,19115.109375
19395.349609,19261.980469
19419.220703,19329.279297
19379.919922,19262.630859
19178.990234,18995.550781
19267.990234,19118.990234
19414.550781,19164.619141
19668.009766,19564.800781
19587.789063,19392.75
19411.539063,19340.320313
19375.089844,19317.099609
19326.400391,19198.779297
19350.199219,19262.980469
19623.720703,19427.810547
19637.550781,19599.619141
19581.529297,19503.740234
19618.990234,19454.169922
19547.509766,19487.919922
19547.509766,19337.220703
19183.269531,19026.529297
19105.109375,18973.75
19296.050781,19060.640625
18985.589844,18985.589844
19203.640625,19113.439453
19251.300781,19164.609375
19218.080078,19043.480469
19210.919922,18909.259766
19068.619141,18920.519531
18941.939453,18773.939453
18797.439453,18532.650391
18785.730469,18517.429688
18850.800781,18762.699219
18767.699219,18661.859375
18602.5,18460.589844
18455.25,18304.720703
18361.439453,18224.679688
18547.460938,18362.730469
18467.730469,18327.330078
18523.400391,18420.820313
18648.279297,18542.419922
18910.330078,18840.130859
19109.759766,18867.189453
19289.429688,19170.859375
19281.699219,19199.589844
19264.570313,19164.679688
19464.300781,19335.019531
19929.480469,19705.130859
19917.449219,19838.710938
19938.529297,19866.300781
19989.939453,19906.349609
19941.640625,19809.910156
19869.849609,19740.630859
19998.490234,19862.410156
19842.779297,19764.630859
19601.529297,19449.730469
19628.640625,19497.289063
19722.929688,19618.730469
19693.019531,19585.539063
19782.810547,19690.099609
19850.929688,19720.119141
19801.589844,19686.490234
19736.619141,19627.189453
19691.439453,19570.130859
19673.509766,19589.25
19887.660156,19686.320313
20239.810547,19967
20224.539063,20104.130859
20152.949219,19948.019531
20023.240234,19908.070313
20061.220703,19896.349609
20096.009766,19927.070313
19949.070313,19837.640625
19929.029297,19850.859375
20009.929688,19879.599609
19963.359375,19755.339844
20015.160156,19884.800781
20087.710938,19949.880859
20318.109375,20227.289063
20215.109375,20117.789063
20191.419922,20107.890625
20152.580078,20089.539063
20250.099609,20185.189453
20224.300781,20110.490234
20266.589844,20197.380859
20044.009766,19946.509766
20096.140625,20030.609375
20197.160156,19971.529297
20087.009766,19888.900391
20078.880859,19947.630859
19979.929688,19856.650391
20127.759766,20023.029297
20200.880859,20070.669922
20153.039063,20061.160156
20183.800781,20062.269531
20163.669922,20101.710938
20081.289063,19943.140625
20032.460938,19947.259766
20157.109375,20032.230469
20135.330078,20081.910156
20002.539063,19901.880859
20036.310547,19941.609375
20116,20016.580078
20176.390625,20005.199219
20056.160156,19926.599609
19983.900391,19891.900391
20000.460938,19904.720703
20113.730469,20022.050781
20070.160156,19985.400391
19984.509766,19933.589844
20085.900391,20037.400391
20076.800781,19970.570313
19945.279297,19660.220703
19829.880859,19685.830078
19598.410156,19486.480469
19776.859375,19719.080078
19739.039063,19679.369141
19543.130859,19433.089844
19509.529297,19365.650391
19437.25,19361.949219
19561.320313,19408.470703
19428.550781,19351.919922
19535.5,19420.5
19371.900391,19280.019531
19538.230469,19435.099609
19687.990234,19583.109375
19735.960938,19620.070313
19628.400391,19479.400391
19542.779297,19354.589844
19371.380859,19254.669922
19482.720703,19365.75
19357.490234,19239.519531
19567.029297,19437.140625
19792.060547,19718.800781
19888.839844,19845.019531
19918.390625,19793.849609
19933.400391,19787.650391
20320.779297,20122
20339.369141,20272.820313
20481.269531,20332.689453
20417.070313,20249.240234
20454.289063,20367.029297
20385.5,20303.980469
20278.089844,20213.660156
20399.869141,20299.679688
20370.330078,20285.060547
20628.380859,20438.169922
20689.080078,20592.179688
20667.470703,20602.259766
20721.150391,20659.150391
20823.660156,20663.080078
20898.410156,20788.119141
20994.400391,20917.039063
21211.289063,20933
21347.070313,21187.929688
21393.960938,21230.669922
21402.759766,21317.669922
21503.849609,21381.519531
21723.599609,21614.509766
21805.169922,21646.519531
21921.359375,21648.349609
21793.619141,21688.560547
22016.5,21815.720703
22086.880859,21921.240234
22020.380859,21840.070313
22455.919922,22130.029297
22540.25,22400.009766
22540.25,22400.009766
22644.679688,22435.339844
22953.179688,22512.910156
22922.800781,22759.070313
23382.150391,22522.830078
22724.390625,22511.929688
22607.919922,22380.990234
22532.300781,22323.240234
22305.240234,22004.789063
22392.130859,21972.339844
22757.400391,22319.119141
22410.240234,22215.070313
22563.25,22416.480469
22677.339844,22513.439453
22567.199219,22381.009766
22659.330078,22423.400391
22580.990234,22363.939453
22643.929688,22537.119141
22748.320313,22502.679688
22994.310547,22675.070313
22864.330078,22693.990234
22682.710938,22522.279297
22528.210938,22119.210938
22515.240234,22317.150391
22819.710938,22625.410156
22938.730469,22787.400391
22994.330078,22834.890625
22879.369141,22697.320313
22786.609375,22638.759766
22745.089844,22478.320313
22927.5,22735.199219
22990.419922,22862.820313
22923.5,22806.730469
22894.949219,22728.060547
22908.839844,22801.160156
22950.150391,22877.630859
22936.160156,22854.390625
22954.449219,22736.429688
22881.210938,22753.199219
23506.330078,23065.199219
23730.470703,23520.519531
23952.609375,23789.029297
23864.759766,23755.449219
23734.970703,23601.839844
23743.050781,23588.070313
23833.269531,23685.019531
23962.070313,23701.830078
23891.630859,23739.169922
24084.419922,23699.470703
23872.689453,23735.609375
23816.330078,23697.810547
24129.339844,23916.019531
24072.769531,23917.140625
23828.400391,23649.029297
23787.230469,23580.169922
23581.980469,23233.369141
23375.380859,23092.849609
23492.769531,23211.119141
23367.960938,23122.449219
22967.689453,22659.429688
22277.449219,21078.710938
22353.869141,21627.130859
21977.029297,21649.699219
21510.300781,21119.009766
